{
  "bias": {
    "ax": -0.0066025390625,
    "ay": 0.2753701171875,
    "az": -0.02015869140625004,
    "gx": -2.3480152671755725,
    "gy": 0.41364885496183207,
    "gz": 0.239206106870229
  },
  "means": {
    "ax": -0.0066025390625,
    "ay": 0.2753701171875,
    "az": 0.97984130859375,
    "gx": -2.3480152671755725,
    "gy": 0.41364885496183207,
    "gz": 0.239206106870229
  },
  "num_samples": 500,
  "timestamp": "2026-03-15 21uman:32:03",
  "accel_range": 0,
  "gyro_range": 0
}